,vendor_name,img,name,carbohydrates,fats,proteins,calories
0,4105906,https://cdn-img.perekrestok.ru/i/800x800-fit/xdelivery/files/2d/80/9aa5abe83343f00f808399f1876e.jpg,"Пельмени с курицей Зелёная Линия, 500г",26.0,13.0,8.0,253.0
1,4105907,https://cdn-img.perekrestok.ru/i/800x800-fit/xdelivery/files/ee/3c/71aed259ba9db20f44a82d018bf0.jpg,"Пельмени с индейкой Зелёная Линия, 800г",26.0,11.0,9.0,239.0
2,3641577,https://cdn-img.perekrestok.ru/i/800x800-fit/xdelivery/files/af/d6/dda8ffbe58798abca5e5334e9724.jpg,"Вареники с вишней замороженные Маркет Перекрёсток, 450г",40.3,0.7,4.2,184.3
3,3641576,https://cdn-img.perekrestok.ru/i/800x800-fit/xdelivery/files/85/5a/925dbda4dd7e25e2d2cxd859ed9d.jpg,"Вареники с творогом замороженные Маркет Перекрёсток, 450г",35.0,4.7,10.2,223.1
4,4105908,https://cdn-img.perekrestok.ru/i/800x800-fit/xdelivery/files/98/a8/8a2db8ab39ea5a533f220709b284.jpg,"Пельмени с говядиной и свининой Зелёная Линия, 800г",22.0,16.0,9.0,268.0
5,3678824,https://cdn-img.perekrestok.ru/i/800x800-fit/xdelivery/files/a1/c1/161de5cdc57e0edcbf15d5c87d22.jpg,"Креветки королевские 50/70 варёно-мороженые Новый Океан, 850г",3.0,1.0,19.0,100.0
6,3641261,https://cdn-img.perekrestok.ru/i/800x800-fit/xdelivery/files/e6/a5/b287a62a94825fb7226c6be987ec.jpg,"Морепродукты ассорти замороженные Новый Океан, 460г",1.6,1.4,8.6,53.6
7,3647723,https://cdn-img.perekrestok.ru/i/800x800-fit/xdelivery/files/32/9d/2fbfab7da12ecfe1747e304a4938.jpg,Креветки 120/150 варёно-мороженые неочищенные,0.2,0.3,24.0,99.0
8,69215,https://cdn-img.perekrestok.ru/i/800x800-fit/xdelivery/files/99/4d/9ba58763b228cf7b30cf13b70a50.jpg,Креветки королевские 50/70 замороженные,0.0,0.4,22.1,92.0
9,2094589,https://cdn-img.perekrestok.ru/i/800x800-fit/xdelivery/files/fd/12/9de660ce7fe7f3b0fcf7a7797090.jpg,Креветки тигровые свежемороженые без головы,1.8,2.2,18.9,95.4
10,4269452,https://cdn-img.perekrestok.ru/i/800x800-fit/xdelivery/files/3d/17/2231918bb62ed33dd62b243a034f.jpg,"Морепродукты Agama Паэлья с морепродуктами рисом и овощами, 320г",12.8,2.2,6.8,100.0
11,4269451,https://cdn-img.perekrestok.ru/i/800x800-fit/xdelivery/files/c3/51/eb41da31b3665ffa2fe96d8dc96d.jpg,"Минтай Agama Белая Рыба в грибном соусе с рисом и шпинатом, 320г",11.9,0.5,3.8,70.0
12,3377662,https://cdn-img.perekrestok.ru/i/800x800-fit/xdelivery/files/61/6f/d8822ac15a41bcf8c868ae706446.jpg,"Смесь овощная Vитамин Испанская с соусом Ривейра быстрозамороженная, 400г",3.9,4.2,2.6,67.2
13,4009160,https://cdn-img.perekrestok.ru/i/800x800-fit/xdelivery/files/62/d4/11ca97e6de3d4d3bc85ed9b16bc5.jpg,"Смесь овощная Hortex Гавайская замороженная, 400г",18.5,0.6,3.7,423.0
14,3415969,https://cdn-img.perekrestok.ru/i/800x800-fit/xdelivery/files/f6/d7/47c117c0396bab648d160b6d0a71.jpg,"Смесь овощная Vитамин Итальянская быстрозамороженная, 400г",7.0,0.0,2.7,41.1
15,3373886,https://cdn-img.perekrestok.ru/i/800x800-fit/xdelivery/files/0e/ab/3c0184681c4617d1d77f02a4b4cb.jpg,"Чебупели Горячая штучка сочные с мясом, 300г",39.0,8.5,11.5,312.0
16,3434303,https://cdn-img.perekrestok.ru/i/800x800-fit/xdelivery/files/04/c3/721982d8a0484a69af2a82719c50.jpg,"Кордон блю Мираторг с ветчиной и сыром, 405г",12.4,12.5,11.6,209.0
17,728,https://cdn-img.perekrestok.ru/i/800x800-fit/xdelivery/files/79/cf/ab3b6907912a121583db35f4e711.jpg,"Паэлья 4 Сезона, 600г",17.0,3.0,8.0,130.0
18,3416332,https://cdn-img.perekrestok.ru/i/800x800-fit/xdelivery/files/04/10/25ae384d4xd3a9f482cxd23f002c.jpg,"Чебупицца Горячая шутчка Пепперони, 250г",31.0,18.5,7.5,306.0
19,63432,https://cdn-img.perekrestok.ru/i/800x800-fit/xdelivery/files/fb/66/fc2e06487295ce94de939d6baa7a.jpg,"Шницель СытоЕдов с картофельным пюре под красным соусом, 350г",7.8,6.1,5.4,107.7
20,3689013,https://cdn-img.perekrestok.ru/i/800x800-fit/xdelivery/files/14/d8/1655fa9c240e6713be556c7f41b2.jpg,"Форель Вкус Арт стейк замороженный, 500г",0.0,21.0,21.0,223.0
21,4120662,https://cdn-img.perekrestok.ru/i/800x800-fit/xdelivery/files/6a/36/93d8b38ed0a3839460e6e3cf89bf.jpg,"Горбуша дальневосточная филе порционное замороженная Новый Океан, 400г",0.0,6.5,21.0,140.0
22,4122617,https://cdn-img.perekrestok.ru/i/800x800-fit/xdelivery/files/e0/4b/a74186548a452d34eec17d28dc2e.jpg,"Форель радужная филе кусок на коже замороженная Новый Океан, 400г",0.0,14.0,20.0,208.0
23,4180052,https://cdn-img.perekrestok.ru/i/800x800-fit/xdelivery/files/86/d9/3c0e3a07bc8684b4fe4156289eed.jpg,"Горбуша РРК стейк с кожей мороженая, 450г",0.0,4.0,20.0,132.0
24,3689012,https://cdn-img.perekrestok.ru/i/800x800-fit/xdelivery/files/dc/dc/3aa1e3c52787fbf5f01196306cbc.jpg,"Лосось Вкус Арт стейк на коже замороженный, 500г",0.0,0.6,16.0,62.0
25,4249887,https://cdn-img.perekrestok.ru/i/800x800-fit/xdelivery/files/a1/df/715d329c8afa5a42b6750a0462fb.jpg,"Фисташки неочищенные жареные с солью Пр!ст, 100г",16.0,45.0,20.0,550.0
26,4274180,https://cdn-img.perekrestok.ru/i/800x800-fit/xdelivery/files/32/7f/45c8fb80f5453da91bb58e1e5f5c.jpg,"Орехи фисташки в скорлупе жареные соленые Market Collection,120г",19.9,53.3,20.9,640.0
27,3900345,https://cdn-img.perekrestok.ru/i/800x800-fit/xdelivery/files/06/e1/0fff923e0251245c3a8b3f68a698.jpg,"Фисташки солёные жареные в скорлупе Пр!ст, 300г",24.0,38.0,12.0,490.0
28,3640863,https://cdn-img.perekrestok.ru/i/800x800-fit/xdelivery/files/cb/f1/335973c74aef42b91b5a9fc56270.jpg,"Фисташки солёные жареные неочищенные Маркет, 134г",29.0,40.0,20.0,560.0
29,4235532,https://cdn-img.perekrestok.ru/i/800x800-fit/xdelivery/files/58/32/931c368e0ef230c9270eb54124a4.jpg,"Фисташки NaturFoods солёные жареные неочищенные, 50г",17.0,52.0,22.0,620.0
30,3469303,https://cdn-img.perekrestok.ru/i/800x800-fit/xdelivery/files/fe/de/b7efc06324272b15a3a7c1b62650.jpg,"Семечки От Мартина чёрные отборные жареные с морской солью, 100г",5.0,52.9,20.7,578.0
31,3072541,https://cdn-img.perekrestok.ru/i/800x800-fit/xdelivery/files/c8/51/70b7089d1b16fa22ba32e20xd406.jpg,"Семечки От Мартина отборные жареные, 100г",5.0,52.9,20.7,578.0
32,3403508,https://cdn-img.perekrestok.ru/i/800x800-fit/xdelivery/files/d7/31/ee769ae8cd41fcc21883f2dd9f89.jpg,"Семечки От Мартина отборные жареные, 200г",5.0,52.9,20.7,578.0
33,3669122,https://cdn-img.perekrestok.ru/i/800x800-fit/xdelivery/files/8e/72/7b90835432f87f92e2b814184e62.jpg,"Семечки От Мартина отборные, 200г",5.0,52.9,20.7,578.0
34,3473272,https://cdn-img.perekrestok.ru/i/800x800-fit/xdelivery/files/78/0f/9d2a733e2222e1940fe69523b0c4.jpg,"Семечки подсолнечника жареные Пр!ст, 100г",5.8,65.3,25.5,710.0
35,3428415,https://cdn-img.perekrestok.ru/i/800x800-fit/xdelivery/files/4e/22/180a8bae72150fcb8045cd1700dd.jpg,"Смесь Семушка из жареных орехов и изюма, 150г",34.5,36.1,12.0,511.0
36,4027702,https://cdn-img.perekrestok.ru/i/800x800-fit/xdelivery/files/11/f9/253797e18730455760a548267881.jpg,"Смесь Семушка из орехов и клюквы, 100г",64.5,36.1,18.0,564.0
37,4086942,https://cdn-img.perekrestok.ru/i/800x800-fit/xdelivery/files/c1/d5/91520f1105c9c87c4216d6543133.jpg,"Смесь орехово-фруктовая Forest Фитнес, 80г",26.0,42.0,17.0,530.0
38,3645971,https://cdn-img.perekrestok.ru/i/800x800-fit/xdelivery/files/3e/f8/0221a99e5c9e3a8b4d343f472d51.jpg,"Смесь Grand Master Гурман, 550г",47.3,24.2,10.2,447.0
39,4262053,https://cdn-img.perekrestok.ru/i/800x800-fit/xdelivery/files/86/35/dxd7a112e37749f5b7569938e1a0.jpg,Смесь Сладкая из сушеных фруктов ягод орехов,50.0,24.0,10.6,458.4
40,4123485,https://cdn-img.perekrestok.ru/i/800x800-fit/xdelivery/files/0a/80/cdcf6858a17974106984bd7a5e6a.jpg,"Имбирь приготовленный методом осмотического обезвоживания с содержанием сахара, 140г",92.8,0.1,0.2,357.0
41,4274410,https://cdn-img.perekrestok.ru/i/800x800-fit/xdelivery/files/02/64/eeb4e0a4f5fe171198bed053c4cd.jpg,"Цукаты Лакомства Для Здоровья Имбирь в сахаре, 140г",80.0,0.1,0.3,322.1
42,4280249,https://cdn-img.perekrestok.ru/i/800x800-fit/xdelivery/files/a9/1f/8f5410a2abbb3539ff65741fc742.jpg,Цукаты ревеня,69.0,0.1,1.0,220.0
43,4100548,https://cdn-img.perekrestok.ru/i/800x800-fit/xdelivery/files/db/b6/a0398d89ced56095ac3851b6059e.jpg,"Имбирь Конфаэль цукаты в сахаре, 150г",80.0,0.1,0.3,350.0
44,3934534,https://cdn-img.perekrestok.ru/i/800x800-fit/xdelivery/files/2f/24/a0ca8720d6964e22e72b01976017.jpg,"Имбирь цукаты, 150г",82.0,0.1,82.0,330.0
45,4138390,https://cdn-img.perekrestok.ru/i/800x800-fit/xdelivery/files/5a/32/0b078190d6f8a1a459c9250c75d3.jpg,"Cмесь Bombbar Малина сухая для приготовления блинчиков, 420г",40.6,3.3,35.0,354.0
46,4121486,https://cdn-img.perekrestok.ru/i/800x800-fit/xdelivery/files/39/8c/b6af5de9663bfda08a2a6a844d1e.png,"Смесь сухая Bionova MeatOff бургер для приготовления овощных протеиновых бургеров с капустой, 100г",42.0,10.0,18.0,340.0
47,4121488,https://cdn-img.perekrestok.ru/i/800x800-fit/xdelivery/files/b6/c5/3b798e4e7fd65e8fa749161da85a.png,"Смесь сухая Bionova MeatOff бургер для приготовления овощных протеиновых бургеров со свеклой, 100г",54.0,7.0,18.0,350.0
48,4121485,https://cdn-img.perekrestok.ru/i/800x800-fit/xdelivery/files/11/47/0af08ecccf5c082edee3e14b73ee.png,"Смесь сухая Bionova MeatOff бургер для приготовления овощных протеиновых бургеров с грибами, 100г",49.0,8.0,18.0,340.0
49,4121491,https://cdn-img.perekrestok.ru/i/800x800-fit/xdelivery/files/82/28/93520804156098f51c7507942fxd.png,"Смесь Bionova MeatOff бургер для приготовления овощных протеиновых бургеров шпинат-брокколи, 100г",46.0,7.5,18.0,330.0
50,4133097,https://cdn-img.perekrestok.ru/i/800x800-fit/xdelivery/files/3f/8b/5a647ee69766080e2e5ba29fe56e.jpg,"БАД Биоконтур Рыбный жир с кальцием и Витамином Д3 к пище 100 капсул, 330мг",,,,
51,4244051,https://cdn-img.perekrestok.ru/i/800x800-fit/xdelivery/files/14/6f/599db1741e5bbfe6feaa62d06abd.jpg,"Порошок из ростков ячменя Продукты 22 Века Барлейграсс, 75г",16.0,0.2,22.0,260.0
52,4244050,https://cdn-img.perekrestok.ru/i/800x800-fit/xdelivery/files/52/27/121eb54xd85fe15de3f416a3c1a1.jpg,"Спирулина Продукты 22 Века в форме таблеток, 75г",42.0,7.5,57.0,330.0
53,4109008,https://cdn-img.perekrestok.ru/i/800x800-fit/xdelivery/files/b4/ca/9063a1aa226bd84178415f097c26.jpg,"БАД Lactoflorene Плоский живот пробиотический комплекс, 20х4г",,,,
54,3665605,https://cdn-img.perekrestok.ru/i/800x800-fit/xdelivery/files/f5/da/21acabd2801407e6fe161e81c2c3.jpg,Комплекс аминокислотный IronMan Amino 2500-3000 для питания спортсменов 72 таблетки,0.0,0.0,3.9,16.6
55,3668253,https://cdn-img.perekrestok.ru/i/800x800-fit/xdelivery/files/a4/66/c419be34bc93a897e1414542cc21.jpg,"Хлопья Schar кукурузные без глютена, 250г",80.0,1.0,8.0,371.0
56,3460805,https://cdn-img.perekrestok.ru/i/800x800-fit/xdelivery/files/76/bd/551bf0cde0b112cxdf288f62bebb.jpg,"Подушечки Di&Di амарантовые с шоколадной начинкой без глютена, 250г",78.1,25.4,8.7,453.1
57,3686477,https://cdn-img.perekrestok.ru/i/800x800-fit/xdelivery/files/81/49/7377f90e646a4da7f2c272888f2d.jpg,"Завтраки Di&Di Ешь здорово амарантовые в глазури без глютена, 250г",57.0,18.0,9.0,350.0
58,3686472,https://cdn-img.perekrestok.ru/i/800x800-fit/xdelivery/files/5d/ec/8124a0689104d7eeef36a919d089.jpg,"Подушечки Di&Di Умные сладости с клубничной начинкой и стевией амарантовые без глютена, 220г",57.7,21.0,5.3,390.0
59,3686471,https://cdn-img.perekrestok.ru/i/800x800-fit/xdelivery/files/b5/00/94cf7f368d1bd1f1d7a8d035c957.jpg,"Подушечки Di&Di Умные сладости с кокосовой начинкой и стевией амарантовые без глютена, 220г",57.7,21.0,5.3,390.0
60,4223287,https://cdn-img.perekrestok.ru/i/800x800-fit/xdelivery/files/55/0b/968f0ab8b321e7f5ab4fa02f85fb.jpg,"Семена льна коричневые Зелёная Линия, 200г",29.0,42.0,18.0,570.0
61,4223286,https://cdn-img.perekrestok.ru/i/800x800-fit/xdelivery/files/a6/43/46b6373449905aefcedda661b8c4.jpg,"Семена чиа черные Зелёная Линия, 200г",42.0,31.0,17.0,520.0
62,3503744,https://cdn-img.perekrestok.ru/i/800x800-fit/xdelivery/files/be/eb/0e071fb788c4f03894fdac98c2bb.jpg,"Семена тыквенные Семушка очищенные, 150г",13.1,46.7,29.0,596.0
63,4229916,https://cdn-img.perekrestok.ru/i/800x800-fit/xdelivery/files/28/9c/ff4e0d52e71bbfd6de6304d1c41e.jpg,"Псиллиум Mute Superfood подорожника, 100г",7.3,0.1,2.9,42.0
64,3604387,https://cdn-img.perekrestok.ru/i/800x800-fit/xdelivery/files/25/02/95b39ded902b609510834cbe9742.jpg,"Клетчатка Сибирская Клетчатка Витаминная поляна, 280г",5.0,3.0,8.0,80.0
65,4061372,https://cdn-img.perekrestok.ru/i/800x800-fit/xdelivery/files/cc/83/c31919596596b46056bc0b8af0e2.jpg,"Мини-хлебцы ФрутоНяня рисовые яблоко-клубника-банан с 12 месяцев, 30г",81.0,0.7,5.6,354.0
66,4061371,https://cdn-img.perekrestok.ru/i/800x800-fit/xdelivery/files/ac/3b/d7309a6a8afca1008c3a8917347c.jpg,"Мини-хлебцы ФрутоНяня рисовые яблоко с 12 месяцев, 30г",81.0,0.7,5.6,354.0
67,4263824,https://cdn-img.perekrestok.ru/i/800x800-fit/xdelivery/files/f7/c8/014c22f5c84020aa7a56320d6a09.jpg,"Хлебцы из семян льна с томатом и базиликом Зелёная Линия, 60г",7.9,37.8,17.6,442.0
68,4263823,https://cdn-img.perekrestok.ru/i/800x800-fit/xdelivery/files/98/8f/daebfcc7f2e7f67ea314a4efcfbf.jpg,"Хлебцы с чесноком Зелёная Линия, 60г",5.7,41.7,18.3,470.0
69,3936761,https://cdn-img.perekrestok.ru/i/800x800-fit/xdelivery/files/d0/9d/a5c65642cb12c4d9565e0463fcc1.jpg,"Хлебцы Vegan Food Морковные ржаные на закваске хрустящие, 100г",57.9,18.4,13.8,421.0
70,3501221,https://cdn-img.perekrestok.ru/i/800x800-fit/xdelivery/files/f4/a8/06cf4619dcd904acbd50bdd95d02.jpg,"Макароны рожки группа А высший сорт Маркет Перекрёсток, 400г",71.0,1.0,10.5,340.0
71,4117157,https://cdn-img.perekrestok.ru/i/800x800-fit/xdelivery/files/5a/4b/8cb9aac10fabcff58dd90fd3286b.jpg,"Фузилли из твёрдых сортов пшеницы Market Collection, 450г",69.0,1.2,14.5,340.0
72,3501219,https://cdn-img.perekrestok.ru/i/800x800-fit/xdelivery/files/0b/fe/3bebe7da009a696c6eae21d2d61c.jpg,"Макароны спираль группа А высший сорт Маркет Перекрёсток, 400г",71.0,1.0,10.5,340.0
73,4117174,https://cdn-img.perekrestok.ru/i/800x800-fit/xdelivery/files/f4/47/cf316689df01df2a6382140b7206.jpg,"Спагетти из твёрдых сортов пшеницы Market Collection, 450г",69.0,1.2,14.5,340.0
74,3501223,https://cdn-img.perekrestok.ru/i/800x800-fit/xdelivery/files/e9/69/6f43f2b8266472346da8dc677ea9.jpg,"Спагетти группа А высший сорт Маркет Перекрёсток, 400г",71.0,1.0,10.5,340.0
75,3642040,https://cdn-img.perekrestok.ru/i/800x800-fit/xdelivery/files/92/48/ea715263e4d85edd231bfe8ed179.jpg,"Масло подсолнечное рафинированное дезодорированное 1 сорт Пр!ст, 900мл",0.0,99.9,0.0,899.0
76,3501258,https://cdn-img.perekrestok.ru/i/800x800-fit/xdelivery/files/74/9c/a9d1e5cec3375a096883e45f52b8.jpg,"Масло оливковое Extra Virgin нерафинированное Маркет Перекрёсток, 250мл",0.0,100.0,0.0,900.0
77,4225638,https://cdn-img.perekrestok.ru/i/800x800-fit/xdelivery/files/68/57/44eceb39f80b8695fa35ae53cbf7.jpg,"Масло льняное нерафинированное Зелёная Линия, 250мл",,100.0,,900.0
78,3660319,https://cdn-img.perekrestok.ru/i/800x800-fit/xdelivery/files/0f/5a/610b2ffc7ab305d3340400bdxdd1.jpg,"Масло оливковое Olive-Pomace Oil рафинированное + нерафинированное Маркет Перекрёсток, 500мл",0.0,100.0,0.0,900.0
79,3501259,https://cdn-img.perekrestok.ru/i/800x800-fit/xdelivery/files/47/84/a78d50827f3735c8f84d72414637.jpg,"Масло оливковое Extra Virgin нерафинированное Маркет Перекрёсток, 500мл",0.0,100.0,0.0,900.0
80,3469126,https://cdn-img.perekrestok.ru/i/800x800-fit/xdelivery/files/b2/61/da16a2379dbaaf66dbc7bd1fec33.jpg,"Рис длиннозёрный Маркет Перекрёсток, 900г",77.0,0.4,7.0,340.0
81,3477255,https://cdn-img.perekrestok.ru/i/800x800-fit/xdelivery/files/01/00/6e9df5eee2b79854d8f7b922aa83.jpg,"Гречка ядрица пропаренная Маркет Перекрёсток, 900г",68.0,3.0,13.0,350.0
82,4151853,https://cdn-img.perekrestok.ru/i/800x800-fit/xdelivery/files/36/69/f3374566031e55af5b8d8458298c.jpg,"Гречка зелёная ядрица 1 сорт Зелёная Линия, 400г",72.0,3.5,13.0,370.0
83,4151856,https://cdn-img.perekrestok.ru/i/800x800-fit/xdelivery/files/4a/32/3536c3b9f75b05cb1b427ab1e578.jpg,"Кускус Зелёная Линия, 350г",77.0,0.5,13.0,370.0
84,4151854,https://cdn-img.perekrestok.ru/i/800x800-fit/xdelivery/files/76/7a/997ef2c217143e01c31c8efd8efb.jpg,"Киноа белая Зелёная Линия, 350г",52.0,6.0,14.0,320.0
85,4151858,https://cdn-img.perekrestok.ru/i/800x800-fit/xdelivery/files/bd/9c/5e04c169b9c9d6fb5613c31d8a31.jpg,"Нут Зелёная Линия, 350г",61.0,6.0,19.0,370.0
86,3422637,https://cdn-img.perekrestok.ru/i/800x800-fit/xdelivery/files/fc/79/5026089f6afc7015b5708ab546fb.jpg,"Нут Мистраль Турецкий горох, 450г",62.6,9.4,18.2,385.0
87,4130484,https://cdn-img.perekrestok.ru/i/800x800-fit/xdelivery/files/da/cc/244b190e115370bba367ceaa8e59.jpg,"Нут Мистраль для хумуса и восточной кухни, 450 г",62.6,9.4,18.2,385.0
88,3455459,https://cdn-img.perekrestok.ru/i/800x800-fit/xdelivery/files/af/29/4cbbddb487c49abe70ee532cd108.jpg,"Нут Националь, 450г",73.0,2.0,8.0,340.0
89,4048803,https://cdn-img.perekrestok.ru/i/800x800-fit/xdelivery/files/0a/7b/558deb3860c68dac8872c7ae9f05.jpg,"Нут Аривера продовольственный, 400г",48.6,2.0,20.5,298.0
90,3385945,https://cdn-img.perekrestok.ru/i/800x800-fit/xdelivery/files/12/5e/07af06a8096a1af7c43013cf0257.jpg,"Приправа Kotanyi итальянские травы, 14г",46.6,8.4,10.0,339.0
91,2112098,https://cdn-img.perekrestok.ru/i/800x800-fit/xdelivery/files/e1/b7/d654ed826f0953f192c33520c84d.jpg,"Приправа Kotanyi хмели-сунели, 30г",42.4,6.1,15.7,329.0
92,3481038,https://cdn-img.perekrestok.ru/i/800x800-fit/xdelivery/files/32/c9/857925580ce27fe4108213ef8d00.jpg,"Базилик измельчённый Маркет Перекрёсток, 7г",43.0,4.0,14.0,260.0
93,3481036,https://cdn-img.perekrestok.ru/i/800x800-fit/xdelivery/files/3e/e3/affe652190bc171ed902f95b69fc.jpg,"Укроп измельчённый Маркет Перекрёсток, 7г",37.0,3.9,18.0,260.0
94,3481037,https://cdn-img.perekrestok.ru/i/800x800-fit/xdelivery/files/55/39/483ea5fb9faea24bf11ecf96xd3d.jpg,"Петрушка нарезанная Маркет Перекрёсток, 7г",36.0,2.6,22.0,260.0
95,3635743,https://cdn-img.perekrestok.ru/i/800x800-fit/xdelivery/files/24/67/72e07b1b0b191b7aa2330280be36.jpg,"Фасоль красная натуральная Маркет Перекрёсток, 400г",14.9,0.0,6.1,84.0
96,3468532,https://cdn-img.perekrestok.ru/i/800x800-fit/xdelivery/files/2f/c2/e27a27xda740840b7836bf036829.jpg,"Маслины без косточки Пр!ст, 280г",,17.0,0.5,128.0
97,4192350,https://cdn-img.perekrestok.ru/i/800x800-fit/xdelivery/files/xd/47/810aafe83a9071f14c43a027a0b2.jpg,"Кукуруза молочная без сахара Маркет Перекрёсток, 340г",11.0,,2.0,50.0
98,4100914,https://cdn-img.perekrestok.ru/i/800x800-fit/xdelivery/files/f5/57/3fc135e474e370f10e596cd3088a.jpg,"Горошек зелёный Пр!ст, 400г",6.5,0.0,3.1,38.0
99,3504166,https://cdn-img.perekrestok.ru/i/800x800-fit/xdelivery/files/f7/ea/d17dc5ae5d83654a0c6d2a68f31b.jpg,"Огурцы маринованные целые Пр!ст, 680г",1.5,0.0,0.6,8.0
100,4003715,https://cdn-img.perekrestok.ru/i/800x800-fit/xdelivery/files/45/69/5f1f6aab49bbedcbe8020438553d.jpg,"Тунец скипджек филе-кусок Новый Океан, 185г",0.0,0.6,25.0,105.0
101,4003717,https://cdn-img.perekrestok.ru/i/800x800-fit/xdelivery/files/8e/a5/e19ea5b2863e354f0f3ba5476d1e.jpg,"Тунец скипджек рубленый Новый Океан, 185г",0.0,0.8,15.0,70.0
102,4186335,https://cdn-img.perekrestok.ru/i/800x800-fit/xdelivery/files/6c/d8/c3dddac961961da6f9688637dfd0.jpg,"Тунец полосатый мелко рубленный Пр!ст, 185г",,2.0,20.0,100.0
103,72318,https://cdn-img.perekrestok.ru/i/800x800-fit/xdelivery/files/57/60/30b4831481918f7ec77292324750.jpg,"Тунец Fortuna полосатый рубленый, 185г",0.0,0.9,20.8,91.6
104,4003714,https://cdn-img.perekrestok.ru/i/800x800-fit/xdelivery/files/81/21/3655432d7f6ae91447b5b34ef249.jpg,"Тунец скипджек филе-кусок в масле Новый Океан, 185г",0.0,4.0,24.0,130.0
105,2143227,https://cdn-img.perekrestok.ru/i/800x800-fit/xdelivery/files/92/b4/f68c9f59b2a9f5f8b979237452e7.jpg,"Говядина Барс Экстра тушёная высший сорт ГОСТ, 325г",,17.0,15.0,213.0
106,4189729,https://cdn-img.perekrestok.ru/i/800x800-fit/xdelivery/files/38/26/8c3460710b44fa8a33d8c32b38e9.jpg,"Говядина Классическая тушеная Пр!ст, 325г",,16.0,9.5,180.0
107,2157147,https://cdn-img.perekrestok.ru/i/800x800-fit/xdelivery/files/89/c6/ea06901cb6012ed0c7c106820675.jpg,"Говядина Скопинский МК тушёная высший сорт ГОСТ, 500г",,17.0,15.0,213.0
108,3408258,https://cdn-img.perekrestok.ru/i/800x800-fit/xdelivery/files/f6/0f/fd93db4055de4cdc96119b9906ea.jpg,"Говядина кусковая Гродфуд тушёная в собственном соку, 338г",0.0,25.0,15.0,290.0
109,36602,https://cdn-img.perekrestok.ru/i/800x800-fit/xdelivery/files/24/c8/2b26f426f4a00d05668276685324.jpg,"Говядина Главпродукт Экстра тушёная высший сорт, 338г",,17.0,15.0,213.0
110,4089137,https://cdn-img.perekrestok.ru/i/800x800-fit/xdelivery/files/c9/b0/5a965727334026d1f2463e4c66b7.jpg,"Ананасы кусочки в лёгком сиропе Пр!ст, 565г",16.3,,0.6,65.0
111,3642356,https://cdn-img.perekrestok.ru/i/800x800-fit/xdelivery/files/ca/e5/716e0e9a769771fb91d84b19d622.jpg,"Ананасы Королевские кусочки в сиропе Маркет Перекрёсток, 565г",17.0,0.1,0.4,70.0
112,3904924,https://cdn-img.perekrestok.ru/i/800x800-fit/xdelivery/files/75/5c/2c041fd2dd129e6857a0fdd846af.jpg,"Ананасы Королевские кольца консервированные в сиропе Маркет Перекрёсток, 825г",15.0,0.1,0.3,64.0
113,3904923,https://cdn-img.perekrestok.ru/i/800x800-fit/xdelivery/files/f5/e5/46a411c88f6c9f94aaabf3924344.jpg,"Ананасы Королевские кусочки консервированные в сиропе Маркет Перекрёсток, 825г",15.0,0.1,0.3,64.0
114,4089136,https://cdn-img.perekrestok.ru/i/800x800-fit/xdelivery/files/d9/bd/55726695c89a71b640cc884c2924.jpg,"Ананасы кольца в лёгком сиропе Пр!ст, 565г",16.3,0.1,0.6,65.0
115,3659060,https://cdn-img.perekrestok.ru/i/800x800-fit/xdelivery/files/e0/9d/f13dxdff96771080630570a3fab1.jpg,"Хлопья Любятово кукурузные, 300г",82.0,1.0,8.0,380.0
116,3398285,https://cdn-img.perekrestok.ru/i/800x800-fit/xdelivery/files/87/61/ce0a9b8bcd24b3cd02ab149d3276.jpg,"Мюсли Matti ежевика-малина, 250г",62.0,13.0,7.5,390.0
117,2137587,https://cdn-img.perekrestok.ru/i/800x800-fit/xdelivery/files/b7/d6/dd1917c2f5c9cdee7a3c6b40c6ac.jpg,"Мюсли Ого с орехом запечённые, 350г",58.0,18.0,8.5,430.0
118,3628506,https://cdn-img.perekrestok.ru/i/800x800-fit/xdelivery/files/b1/42/c258e640c75d3572fed5afb1b0ce.jpg,"Хлопья кукурузные Хрутка хрустящие, 700г",78.7,3.0,7.0,369.0
119,3417240,https://cdn-img.perekrestok.ru/i/800x800-fit/xdelivery/files/c6/91/5c1845397b5f2cf8c803317c561a.jpg,"Мюсли Ого с тропическими фруктами запечённые, 350г",62.0,17.0,8.0,430.0
120,3691087,https://cdn-img.perekrestok.ru/i/800x800-fit/xdelivery/files/36/2f/a99a31bfe95e7d8d8863c5bcbdd6.jpg,"Подушечки Любятово шоколадные, 500г",67.0,16.0,6.5,450.0
121,3659063,https://cdn-img.perekrestok.ru/i/800x800-fit/xdelivery/files/83/81/32040abb9995d11d4364051ac6d4.jpg,"Шарики Любятово шоколадные, 500г",65.0,16.0,7.0,450.0
122,3498890,https://cdn-img.perekrestok.ru/i/800x800-fit/xdelivery/files/4b/66/fa19f7da46e0f97fff0d872dea6f.jpg,"Подушечки Хрутка с шоколадной начинкой, 250г",69.3,16.0,5.2,442.0
123,3498889,https://cdn-img.perekrestok.ru/i/800x800-fit/xdelivery/files/05/6e/36c033ee79422c1f0dc97f642d77.jpg,"Подушечки Хрутка с молочной начинкой, 250г",70.2,15.5,5.5,443.0
124,3933314,https://cdn-img.perekrestok.ru/i/800x800-fit/xdelivery/files/aa/23/613af6bd032bdb0693dc7a8b3642.jpg,"Подушечки с какао Ухтышки, 250г",64.9,13.5,6.7,410.0
125,4131236,https://cdn-img.perekrestok.ru/i/800x800-fit/xdelivery/files/5e/58/eea3d0498fd6f2a9ba6f198cd0ab.jpg,"Шарики Увелка сливочно-банановые глазированные сахарным сиропом, 200г",80.0,1.0,5.0,350.0
126,4070024,https://cdn-img.perekrestok.ru/i/800x800-fit/xdelivery/files/ed/39/317925b5a21370865fec5fe68955.jpg,"Шарики Увелка клубнично-йогуртовые, 200г",80.0,2.7,6.0,370.0
127,4239012,https://cdn-img.perekrestok.ru/i/800x800-fit/xdelivery/files/d0/ff/2507e43f14aa417dae1a803d542b.jpg,"Готовый шоколадный завтрак Хрутка обогащенный кальцием, 230г",72.3,2.5,2.5,348.0
128,4239005,https://cdn-img.perekrestok.ru/i/800x800-fit/xdelivery/files/21/5d/1323ac8ffa92c12775f6619a8015.jpg,"Готовый шоколадный завтрак Хрутка обогащённый кальцием, 350г",72.3,2.5,2.5,348.0
129,4030128,https://cdn-img.perekrestok.ru/i/800x800-fit/xdelivery/files/10/47/647a30eb0e8ed3931b2eaf28e6b8.jpg,"Шарики Ухтышки со вкусом шоколада, 250г",78.2,1.7,6.5,352.0
130,3986719,https://cdn-img.perekrestok.ru/i/800x800-fit/xdelivery/files/df/00/12c9269bcf70f9189612342xdff2.jpg,"Завтрак готовый Kellogg’s Unicorn Радужные колечки с фруктовым вкусом, 195г",83.0,1.5,9.0,380.0
131,3373865,https://cdn-img.perekrestok.ru/i/800x800-fit/xdelivery/files/f7/0a/62005e87b9f57a9e34bf550a1231.jpg,"Колечки Хрутка шоколадные, 210г",73.0,3.3,9.1,358.0
132,4252438,https://cdn-img.perekrestok.ru/i/800x800-fit/xdelivery/files/49/3c/e201384a06750d6225ed70861bf1.jpg,"Готовый завтрак Leonardo овсяные колечки с мёдом, 200г",83.0,1.5,7.0,370.0
133,4250506,https://cdn-img.perekrestok.ru/i/800x800-fit/xdelivery/files/69/d8/0f63172f96ec7feb90426355c644.jpg,"Готовый завтрак Kellogg's Unicorn Радужные колечки с фруктовым вкусом, 375г",82.0,1.5,9.5,390.0
134,4291183,https://cdn-img.perekrestok.ru/i/800x800-fit/xdelivery/files/fe/ce/4fe93b2f998b8fe72aba37b07f7e.jpg,"Колечки Di&Di Умные сладости амарантовые с какао, 150г",82.0,1.9,6.5,371.0
135,4274668,https://cdn-img.perekrestok.ru/i/800x800-fit/xdelivery/files/99/f1/498dba9d3c5a188bc0xd3dc8cd63.jpg,"Гранола Настин Сластин Фитнес полезная, 250г",60.9,11.8,10.2,398.9
136,4274667,https://cdn-img.perekrestok.ru/i/800x800-fit/xdelivery/files/eb/3d/238fe4ccc22612f1d60364e291a1.jpg,"Гранола Настин Сластин Кедровые орешки и клюква, 250г",60.9,11.8,10.2,398.9
137,4123610,https://cdn-img.perekrestok.ru/i/800x800-fit/xdelivery/files/38/cd/ed7bdd17575480583f060f71d03c.jpg,"Гранола Ягодная Зелёная Линия, 300г",58.7,10.6,12.1,380.0
138,4169256,https://cdn-img.perekrestok.ru/i/800x800-fit/xdelivery/files/e9/7d/a4bbb655752509dc208fe4af5e3c.jpg,"Гранола Granolife клубника-малина, 50г",59.0,11.5,9.5,370.0
139,4123609,https://cdn-img.perekrestok.ru/i/800x800-fit/xdelivery/files/08/75/0b097e08a56ff4ac3e9580ae8266.jpg,"Гранола Ореховая Зелёная Линия, 300г",65.7,13.8,13.5,445.0
140,2093081,https://cdn-img.perekrestok.ru/i/800x800-fit/xdelivery/files/cf/d8/e8070dc80a8766be36149efb069c.jpg,"Молоко Простоквашино пастеризованное 2.5%, 930мл",4.7,2.5,3.0,53.0
141,2085981,https://cdn-img.perekrestok.ru/i/800x800-fit/xdelivery/files/58/9d/ff7e4b4a15e685dc4dd3afb58a16.jpg,"Молоко Простоквашино отборное пастеризованное 3.4-4.5%, 930мл",4.7,0.0,2.9,61.0
142,4259100,https://cdn-img.perekrestok.ru/i/800x800-fit/xdelivery/files/78/29/7fc4c7be97977b804ff91d6da1d3.jpg,"Молоко Простоквашино питьевое пастеризованное 3.2%, 1.4л",4.7,3.2,2.9,59.0
143,3605407,https://cdn-img.perekrestok.ru/i/800x800-fit/xdelivery/files/da/85/c4bab5023cb9462c8d6857283b92.jpg,"Молоко Простоквашино топлёное 3.2%, 930мл",4.7,3.2,3.0,60.0
144,3150905,https://cdn-img.perekrestok.ru/i/800x800-fit/xdelivery/files/11/89/0081899126d3531944cae62f4d8b.jpg,"Молоко Простоквашино ультрапастеризованное 2.5%, 950мл",4.7,2.9,2.5,53.0
145,3496419,https://cdn-img.perekrestok.ru/i/800x800-fit/xdelivery/files/7a/f7/f53d59d823c1f77348129f9e6b62.jpg,"Сыр Пармезан тёртый 32% Маркет Перекрёсток, 40г",0.0,26.0,33.0,366.0
146,3505827,https://cdn-img.perekrestok.ru/i/800x800-fit/xdelivery/files/32/29/2308e133fd87e2798d56ea28ffbf.jpg,"Сыр Эдам нарезка 45% Маркет Перекрёсток, 125г",0.0,26.0,23.0,320.0
147,3498368,https://cdn-img.perekrestok.ru/i/800x800-fit/xdelivery/files/10/88/962b97fd2648d2d1eefab3df26fd.jpg,"Сыр голландский тёртый 45% Пр!ст, 200г",0.0,26.9,26.0,363.0
148,3500953,https://cdn-img.perekrestok.ru/i/800x800-fit/xdelivery/files/06/00/b323885aaaa9f67149ddfbb2ed80.jpg,Сыр мягкий Моцарелла мини 45% Маркет Перекрёсток,1.5,20.0,16.0,250.0
149,4162492,https://cdn-img.perekrestok.ru/i/800x800-fit/xdelivery/files/80/f6/f9xd2ca5349892dc490949619a03.jpg,"Сыр Кремчиз мягкий сливочный 70% Зелёная Линия, 140г",0.0,27.5,5.0,268.0
150,4198907,https://cdn-img.perekrestok.ru/i/800x800-fit/xdelivery/files/b9/81/defa150691b6f7bc99c8c129bcdf.jpg,"Творог 9% Молочный знак, 300г",3.0,9.0,16.0,160.0
151,3668864,https://cdn-img.perekrestok.ru/i/800x800-fit/xdelivery/files/00/d8/bdc2a2c461df1f550b8df122xd8b.jpg,"Творог Зёрнышко 5% Зелёная Линия, 300г",3.0,5.0,16.0,121.0
152,4129495,https://cdn-img.perekrestok.ru/i/800x800-fit/xdelivery/files/f4/2e/1dbc3e50d7c888baf9d756ede463.jpg,"Творог 9% Зелёная Линия, 400г",3.0,9.0,16.0,157.0
153,4153930,https://cdn-img.perekrestok.ru/i/800x800-fit/xdelivery/files/e5/32/a02ed5c42f71bec4b2ed7aca0709.jpg,"Творог 5% Зелёная Линия, 350г",3.0,5.0,16.0,121.0
154,4153929,https://cdn-img.perekrestok.ru/i/800x800-fit/xdelivery/files/f8/6b/62561ccxdda7a9aac05195edbe37.jpg,"Творог 9% Зелёная Линия, 350г",3.0,9.0,16.0,157.0
155,4208434,https://cdn-img.perekrestok.ru/i/800x800-fit/xdelivery/files/e5/77/1a57f6e8843de58fb19ce3dcafa1.jpg,"Сырок творожный с ванилью глазированный 26% Молочный знак, 40г",33.6,27.9,7.4,415.1
156,4208433,https://cdn-img.perekrestok.ru/i/800x800-fit/xdelivery/files/55/24/cfe0efa1cba7f24a6516d5d9e5d0.jpg,"Сырок творожный с вареной сгущенкой глазированный 26% Молочный знак, 40г",36.5,26.1,7.2,409.7
157,4258969,https://cdn-img.perekrestok.ru/i/800x800-fit/xdelivery/files/cf/cf/0310f886488e7dcb00ca4f8f377b.jpg,"Десерт творожный с ванилью и бисквитом глазированный 20% Молочный Знак, 40г",33.7,20.7,7.2,349.9
158,4258972,https://cdn-img.perekrestok.ru/i/800x800-fit/xdelivery/files/92/9e/603b27927a9d199a8fe32d2c629b.jpg,"Десерт творожный с кокосом и бисквитом глазированный 20% Молочный Знак, 40г",35.3,25.8,7.9,405.0
159,3463779,https://cdn-img.perekrestok.ru/i/800x800-fit/xdelivery/files/59/6f/584f4ddb89654ed0079a337bf14f.jpg,"Сырок творожный Свитлогорье с какао глазированный 26%, 50г",33.5,27.5,8.7,416.0
160,4192660,https://cdn-img.perekrestok.ru/i/800x800-fit/xdelivery/files/95/d4/4cde77316eec6axde1a52907f77c.jpg,"Биойогурт Активиа обогащенный бифидобактериями 3,5%, 130г",6.4,3.5,4.6,76.0
161,4192642,https://cdn-img.perekrestok.ru/i/800x800-fit/xdelivery/files/54/e0/9fcc7671115dfe572801103ac865.jpg,"Биойогурт Активиа с вишней обогащенный бифидобактериями 2,9%, 130г",14.6,2.9,3.7,99.0
162,4251862,https://cdn-img.perekrestok.ru/i/800x800-fit/xdelivery/files/67/cc/5523ceb89c0a9a706842e8a3ab13.jpg,"Биойогурт Активиа питьевой натуральный 1.8%, 870мл",5.0,1.8,3.4,50.0
163,4280689,https://cdn-img.perekrestok.ru/i/800x800-fit/xdelivery/files/4d/59/909ac703c0bb1cc4e22358d5b6db.jpg,"Йогурт Простоквашино с клубникой 2.9%, 110г",11.8,2.9,3.6,88.0
164,4251867,https://cdn-img.perekrestok.ru/i/800x800-fit/xdelivery/files/3e/05/a9944931a0119e815b8311718ecf.jpg,"Биойогурт Активиа с клубникой земляникой обогащенный бифидобактериями 1.5%, 870мл",11.9,1.5,2.9,73.0
165,4278509,https://cdn-img.perekrestok.ru/i/800x800-fit/xdelivery/files/74/a8/6e95bfd38360551fc1c8ff71099e.jpg,Картофель молодой Азербайджан,12.4,0.4,2.4,61.0
166,60529,https://cdn-img.perekrestok.ru/i/800x800-fit/xdelivery/files/b6/00/628fd0f9b4ce0abe546f244a1373.jpg,Морковь отечественная,10.0,0.2,0.9,41.0
167,3676649,https://cdn-img.perekrestok.ru/i/800x800-fit/xdelivery/files/fd/e0/8c4bcb6c8ecca7768b52db98daa3.jpg,"Томаты Медовые черри красные круглые, 200г",2.8,0.1,0.8,15.0
168,44110,https://cdn-img.perekrestok.ru/i/800x800-fit/xdelivery/files/6f/68/1d0ed96a499d6a8482fc2414ee0d.jpg,Кабачки,3.1,0.3,1.2,17.0
169,25180,https://cdn-img.perekrestok.ru/i/800x800-fit/xdelivery/files/b0/61/53599c1c0cb2b6c364aa17f4ca5d.jpg,"Редис красный, 500г",3.4,0.1,1.2,19.0
170,5013,https://cdn-img.perekrestok.ru/i/800x800-fit/xdelivery/files/b8/33/0180ae1cf5d53f96d2c664a610d7.jpg,Черешня,10.6,0.4,1.1,52.0
171,3334645,https://cdn-img.perekrestok.ru/i/800x800-fit/xdelivery/files/9f/cc/7149e906ddb6bb354350f948581d.jpg,Персики плоские,16.0,0.0,1.0,60.0
172,3759,https://cdn-img.perekrestok.ru/i/800x800-fit/xdelivery/files/e4/a8/a45e1593b0c929360a1d0001f6df.jpg,Персики,9.5,0.1,0.9,45.0
173,79108,https://cdn-img.perekrestok.ru/i/800x800-fit/xdelivery/files/dd/4d/1ef76a334eff10f47ecdcabde376.jpg,Нектарины,11.8,0.2,0.9,48.0
174,4235650,https://cdn-img.perekrestok.ru/i/800x800-fit/xdelivery/files/11/10/8e0928d8cbbbf93b69dd65b4fdce.jpg,"Вишня, 500г",0.0,0.0,0.0,0.0
175,21151,https://cdn-img.perekrestok.ru/i/800x800-fit/xdelivery/files/80/a0/881fd063f663123fea9ce786ff96.jpg,"Малина Маркет Fresh, 125г",8.3,0.5,0.8,46.0
176,4299832,https://cdn-img.perekrestok.ru/i/800x800-fit/xdelivery/files/38/20/d3544846a3015d0f6636be4e4b79.jpg,"Черешня Россия, 500г",0.0,0.0,0.0,0.0
177,3641620,https://cdn-img.perekrestok.ru/i/800x800-fit/xdelivery/files/51/9c/b644b66740683df301bf2083fc7a.jpg,"Крыжовник, 500г",12.0,0.2,0.7,43.0
178,4286851,https://cdn-img.perekrestok.ru/i/800x800-fit/xdelivery/files/81/a6/93f7fc7546debe7ee4740ab210a6.jpg,"Клубника белая Маркет Fresh, 200г",0.0,0.0,0.0,0.0
179,11034,https://cdn-img.perekrestok.ru/i/800x800-fit/xdelivery/files/65/6f/29854e8xd4265e4204ba60669248.jpg,"Клубника Маркет Fresh, 250г",8.0,0.3,0.7,33.0
180,77107,https://cdn-img.perekrestok.ru/i/800x800-fit/xdelivery/files/cf/ae/ed187d54619c618891af06dd4e39.jpg,"Салат Айсберг Маркет Fresh, 1шт",3.0,0.1,0.9,14.0
181,31895,https://cdn-img.perekrestok.ru/i/800x800-fit/xdelivery/files/c5/09/5e9c160497ebe8f8dbfb8067b4a5.jpg,"Салат листовой в горшке, 1шт",2.9,0.2,1.4,15.0
182,3283556,https://cdn-img.perekrestok.ru/i/800x800-fit/xdelivery/files/c1/d0/a0244903d91660442d9f56c316b7.jpg,"Салат Рукола упаковка, 125г",2.1,0.7,2.6,25.0
183,77107,https://cdn-img.perekrestok.ru/i/800x800-fit/xdelivery/files/cf/ae/ed187d54619c618891af06dd4e39.jpg,"Салат Айсберг Маркет Fresh, 1шт",3.0,0.1,0.9,14.0
184,67334,https://cdn-img.perekrestok.ru/i/800x800-fit/xdelivery/files/0f/d6/0702eff12e927a5fc6eac398143f.jpg,"Салат Романо, 1шт",3.3,0.3,1.2,17.0
185,3683540,https://cdn-img.perekrestok.ru/i/800x800-fit/xdelivery/files/e2/13/11678be473f3e901d24476979645.jpg,"Лисички, 250г",7.0,0.5,1.5,38.0
186,3459769,https://cdn-img.perekrestok.ru/i/800x800-fit/xdelivery/files/a7/3f/9e3213ce5cfa78ab67b383b663b1.jpg,"Лисички свежие, 250г",0.0,0.0,0.0,
187,4165163,https://cdn-img.perekrestok.ru/i/800x800-fit/xdelivery/files/63/00/d263b2e9e005cd5b594cf317ec5d.jpg,"Лисички, 300г",0.0,0.0,0.0,0.0
188,3344628,https://cdn-img.perekrestok.ru/i/800x800-fit/xdelivery/files/a5/9d/95633b1c41864c17297eb57cb6d0.jpg,"Лисички, 500г",7.0,0.5,1.5,38.0
189,3634465,https://cdn-img.perekrestok.ru/i/800x800-fit/xdelivery/files/98/c8/4fxdcd9fbd59830a7f2bd1595edd.jpg,"Лисички, 400г",7.0,0.5,15.0,38.0
